Date-Time,SPYA192444000.U,SPYK172343000.U,SPYK172343500.U,SPYK172344000.U,SPYK172344500.U,SPYK172345000.U,SPYL152344000.U,SPYM192440000.U,SPYW032341000.U,SPYW172340000.U,SPYW172340500.U,SPYW172341000.U,SPYW172341500.U,SPYW172342000.U,SPYW172342200.U,SPYW172342500.U,SPYW172343000.U,SPYX152340000.U,SPYX152341000.U,SPYX152342000.U
2023-10-02T09:00:00.000000000-04,0.006397637795275468,0.004759386567953383,-0.0014727540500736325,-0.004282655246252598,0.0033277870216306127,0.0,0.004726536124240344,-0.008914100486223653,-0.043697478991596705,-0.029126213592233108,-0.029457364341085368,-0.027127003699136676,-0.025540275049115935,-0.020376175548589504,-0.022922636103151928,-0.022499999999999964,-0.016983016983016963,-0.016949152542372947,-0.016990291262135804,-0.011014492753623095
2023-10-02T10:00:00.000000000-04,-0.03246124031007758,-0.017039403620873306,-0.011210762331838597,-0.03437164339419985,-0.03529411764705881,-0.036619718309859106,-0.07618437900128039,0.09511111111111115,0.0017241379310344307,-0.005870841487279677,-0.007788161993769416,0.0012484394506866447,0.0,-0.009360374414976724,0.0014409221902018654,0.0050441361916773175,0.004524886877828038,-0.011223344556677839,-0.0016233766233766378,-0.0028985507246377384
2023-10-02T11:00:00.000000000-04,-0.027054108216432837,-0.03145336225596518,-0.035552193645990826,-0.03786191536748329,-0.041884816753926746,-0.04678362573099415,-0.037292817679557944,0.002421307506053294,0.020689655172413834,0.0039447731755424265,0.0031249999999998224,0.011207970112079746,0.01383399209486158,0.022047244094488327,0.023054755043227626,0.024466750313676178,0.018867924528301883,0.006810442678774287,0.009740259740259827,0.013937282229965264
2023-10-02T12:00:00.000000000-04,-0.03297269448737772,-0.04096520763187428,-0.04245283018867918,-0.0488372093023256,-0.05137614678899083,-0.05572755417956676,-0.038102084831056926,0.04723779023218566,0.09698996655518388,0.08593750000000022,0.08513931888544879,0.08343558282208585,0.07848837209302317,0.07219662058371745,0.07207837648705406,0.06898656898656896,0.061105722599418044,0.06299212598425186,0.05854049719326371,0.05359179019384275
2023-10-02T13:00:00.000000000-04,0.024025627335824806,0.028070175438596356,0.030427631578947345,0.03304773561811514,0.030947775628626717,0.03960396039603964,0.026905829596412634,-0.03361344537815136,-0.06717557251908401,-0.05745062836624781,-0.05555555555555547,-0.055304740406320385,-0.05116696588868941,-0.047925608011444965,-0.04705882352941182,-0.046723646723646706,-0.041571493832800344,-0.04021164021164014,-0.040000000000000036,-0.035116153430577945
2023-10-02T14:00:00.000000000-04,-0.006256517205422196,-0.010244735344336897,-0.010375099760574491,-0.010663507109004877,-0.0074906367041196464,-0.006349206349206549,-0.008733624454148381,0.02371541501976293,0.04091653027823239,0.03809523809523818,0.034638554216867457,0.03345280764635605,0.029272898961284266,0.029301277235161516,0.025325119780972072,0.02628434886499398,0.024285714285714244,0.029768467475192795,0.02672955974842761,0.023516237402015694
2023-10-02T15:00:00.000000000-04,0.09553805774278223,0.11967779056386663,0.13177041228779296,0.15329341317365253,0.1622641509433962,0.16613418530351454,0.10931768158473965,-0.08339768339768328,-0.16169544740973318,-0.13761467889908274,-0.13314037626628072,-0.12918108419838525,-0.1267217630853995,-0.11935953420669587,-0.11992005329780142,-0.11679256246368397,-0.11239592969472723,-0.09935897435897434,-0.09640397857689365,-0.09388646288209601
2023-10-02T16:00:00.000000000-04,0.0004766444232602307,0.0015353121801433556,0.004975124378109541,-0.0092118730808598,0.003231017770597866,-0.0026954177897573484,0.00591715976331364,0.0,0.0,-0.006396588486140553,-0.0016920473773265332,-0.006666666666666599,-0.008421052631578996,-0.009983361064891727,-0.002293577981651307,-0.009247027741083214,-0.005795574288725125,-0.0023952095808382756,0.0,-0.0024257125530624535
2023-10-03T09:00:00.000000000-04,0.04989604989604968,0.062464183381088834,0.07315112540192925,0.07619047619047636,0.09416195856873832,0.10576923076923084,0.06277372262773717,-0.07159005275056518,-0.10182370820668696,-0.09236234458259329,-0.08885754583921002,-0.08510638297872342,-0.07946428571428577,-0.07478632478632474,-0.07235984354628422,-0.07012542759407048,-0.06636155606407335,-0.06576200417536526,-0.06194029850746252,-0.05728051391862954
2023-10-03T10:00:00.000000000-04,-0.14567901234567915,-0.1935656836461126,-0.19040365575019047,-0.19955156950672637,-0.2073813708260106,-0.2371428571428572,-0.15031757233592102,0.2396761133603238,0.44312393887945656,0.3252336448598132,0.33333333333333326,0.30969267139479895,0.27988878591288224,0.28378378378378377,0.2903672903672905,0.2948012232415902,0.2478510028653298,0.19642857142857162,0.12215909090909105,0.23823028927963663
2023-10-03T11:00:00.000000000-04,-0.011033681765388992,-0.019372077488309936,-0.017077798861480087,-0.028169014084506894,-0.020134228187919434,-0.015094339622641506,-0.016652789342214924,0.0241356816699283,0.04561403508771944,0.030726256983240274,0.034753363228699596,0.03597122302158251,0.03682310469314065,0.030760301799187317,0.030367607884922876,0.03200000000000003,0.029759633727584944,0.027923211169284423,0.030303030303030276,0.02647193062528541
2023-10-03T12:00:00.000000000-04,0.028755868544600993,0.038775510204081653,0.04247104247104261,0.044797687861271696,0.03644646924829131,0.03065134099616862,0.03637901861252102,-0.041427660930529187,-0.07959641255605376,-0.06910569105691067,-0.06832971800433829,-0.06782608695652181,-0.06624825662482559,-0.06253521126760564,-0.06156233833419544,-0.058769931662870256,-0.054835124120044654,-0.05348047538200351,-0.05214723926380371,-0.04761904761904767
2023-10-03T13:00:00.000000000-04,-0.04840546697038728,-0.06588388780169596,-0.07195571955719571,-0.07999999999999996,-0.09190371991247259,-0.09328358208955245,-0.061939690301548445,0.055888223552894134,0.1070559610705597,0.10087719298245612,0.09451575262543743,0.0896358543417366,0.08383233532934131,0.08137432188065108,0.07960199004975133,0.07357212003872204,0.06949352179034163,0.07187780772686447,0.06606217616580312,0.05975723622782425
2023-10-03T14:00:00.000000000-04,0.013181545835829978,0.007681564245810124,0.007968127490040056,0.004497751124437732,0.004819277108433662,0.0,0.013913043478260834,-0.005034612964128549,-0.0219780219780219,-0.010624169986719667,-0.017039403620873306,-0.017123287671232834,-0.014502762430939287,-0.01726057906458811,-0.0179028132992326,-0.014871563767462792,-0.017228739002932536,-0.01005025125628145,-0.008505467800729027,-0.013210039630118908
2023-10-03T15:00:00.000000000-04,0.025489033787788662,0.025641025641025772,0.029644268774703608,0.02086438152011927,0.03357314148681079,0.041152263374485853,0.031869078380706295,-0.010145846544071024,-0.03370786516853941,-0.03892617449664426,-0.04314994606256728,-0.0409407665505227,-0.02592852137351076,-0.034541336353341,-0.03014553014553023,-0.024747937671860676,-0.03083209509658258,-0.03204047217537931,-0.018404907975460127,-0.02623388172521135
2023-10-03T16:00:00.000000000-04,-0.003444316877152853,-0.000672043010752521,-0.0057088487155091405,-0.0014388489208634336,-0.004587155963302614,-0.007874015748031482,-0.0033222591362125353,-0.005171299288946218,-0.014184397163120699,-0.0028288543140029265,-0.009039548022598876,-0.005459508644222066,-0.01017441860465118,-0.0011799410029500468,-0.004317323259579009,-0.005213270142180093,-0.003079291762894565,-0.0008756567425568518,-0.005681818181818121,-0.005484460694698434
2023-10-04T09:00:00.000000000-04,0.006384213580963305,0.00881355932203376,0.011650485436893065,0.007342143906020393,0.0071428571428573395,-0.004098360655737765,0.006745362563237878,-0.035099337748344284,-0.06575682382133985,-0.058737151248164476,-0.05312868949232574,-0.050000000000000155,-0.046107331821617525,-0.04063068526379632,-0.04166666666666663,-0.035121951219512115,-0.02501985702938847,-0.03707052441229641,-0.04201680672268904,-0.03509592887225099
2023-10-04T10:00:00.000000000-04,-0.04764638346727912,-0.06148648648648647,-0.06128404669260712,-0.0799418604651162,-0.0781990521327014,-0.08606557377049162,-0.04399323181049064,0.08068965517241389,0.0659898477157359,0.06259314456035758,0.10110974106041937,0.09636184857423791,0.09557661927330185,0.08333333333333326,0.08505747126436791,0.04576436222005853,0.05683624801271869,0.0848089468779123,0.08115358819584184,0.07180722891566282
2023-10-04T11:00:00.000000000-04,0.11164755582377794,0.15968208092485536,0.17689906347554651,0.19145569620253156,0.21502590673575117,0.2352941176470591,0.147424511545293,-0.11089866156787775,-0.20284697508896787,-0.17902097902097902,-0.17469204927211646,-0.16696588868940743,-0.16043165467625897,-0.15570934256055358,-0.15274841437632136,-0.14809656453110487,-0.1397445529676935,-0.13550600343053176,-0.12949194547707554,-0.1219730941704037
2023-10-04T12:00:00.000000000-04,-0.014634146341463539,-0.014934660858743065,-0.018502202643171706,-0.0185922974767595,-0.02547770700636942,-0.029090909090909167,-0.018518518518518712,0.004310344827586299,0.02391629297458886,0.017094017094017255,0.016326530612245094,0.014023732470334505,0.014592274678111528,0.01713502398903355,0.01882057716436636,0.01808219178082182,0.014886164623467701,0.008964143426294813,0.0071275837491089344,0.010245901639344135
2023-10-04T13:00:00.000000000-04,-0.049559471365638874,-0.069620253164557,-0.07477477477477479,-0.08141112618724566,-0.08315098468271354,-0.0830188679245285,-0.06067769897557129,0.05995717344753748,0.11499272197962163,0.09899328859060375,0.0987983978638185,0.09322033898305082,0.09113924050632916,0.08748317631224767,0.08543331284572808,0.08279569892473115,0.07619457597933721,0.07389162561576357,0.07057163020465773,0.06788247213779108
2023-10-04T14:00:00.000000000-04,0.04065040650406515,0.049626104690686734,0.05658536585365859,0.06518518518518501,0.0715990453460622,0.08230452674897126,0.050420168067226934,-0.04169468728984538,-0.08463541666666674,-0.07469512195121952,-0.07168894289185901,-0.06956521739130439,-0.06558641975308654,-0.061766522544780655,-0.05772495755517848,-0.057043650793650924,-0.05351437699680506,-0.051423324150596916,-0.05128205128205132,-0.04640151515151514
2023-10-04T15:00:00.000000000-04,0.054038997214484796,0.07503234152652016,0.08671586715867163,0.10987482614742716,0.10222222222222244,0.11363636363636354,0.07440000000000002,-0.06807017543859639,-0.12535612535612517,-0.11037891268533773,-0.0980392156862745,-0.09761163032191045,-0.09248554913294793,-0.08947368421052626,-0.08758248350329934,-0.08780231335436373,-0.07555930772477837,-0.0784123910939013,-0.08252427184466027,-0.07252856433184285
2023-10-04T16:00:00.000000000-04,-0.0037194473963868546,-0.012642986152920033,-0.01106382978723397,-0.01270648030495558,-0.004073319755600768,0.0,-0.008258258258258211,0.009715994020927043,0.015974440894568565,0.010948905109488871,0.011560693641618602,0.010285714285714231,0.015454545454545388,0.011486001435750293,0.011787819253438192,0.01084474885844755,0.009541117673784738,0.009414225941422494,0.01195814648729443,0.007966011683483876
2023-10-05T09:00:00.000000000-04,0.0005488474204171645,-0.013749999999999929,-0.01685891748003543,-0.019946808510638236,-0.02118644067796638,-0.017985611510791255,-0.012403100775193798,0.01702442635085122,0.0349761526232113,0.0362976406533575,0.03151862464183375,0.029445073612684114,0.022261798753339335,0.023354564755838858,0.02192134107027721,0.02021336327905665,0.017889087656529412,0.02492211838006253,0.0206489675516226,0.01783840503672618
2023-10-05T10:00:00.000000000-04,-0.07197802197802206,-0.09999999999999998,-0.11711711711711703,-0.12261580381471393,-0.13507625272331159,-0.15384615384615408,-0.0964705882352942,0.10269482884195202,0.19384615384615378,0.17047451669595803,0.16411682892906843,0.15021929824561386,0.1396357328707718,0.14058171745152337,0.13564668769716093,0.12981298129812968,0.12323943661971826,0.12677484787018267,0.1170520231213874,0.10339506172839541
2023-10-05T11:00:00.000000000-04,0.012470308788598672,0.009226401703335663,0.011247443762781195,0.01716068642745694,0.025252525252525304,0.025974025974026205,0.01305483028720622,-0.0019762845849803368,-0.005141388174807138,-0.0014970059880239361,-0.005945303210463826,-0.0028544243577544037,-0.005303030303030365,-0.0012150668286755595,-0.0033296337402884957,-0.003403014098201318,-0.00429855412270419,-0.0035842293906809264,-0.001293661060802087,-0.0027881040892192566
2023-10-05T12:00:00.000000000-04,0.018192488262910977,0.023876404494381998,0.026236125126135157,0.02599388379204881,0.022167487684729092,0.021008403361344463,0.02142245072836335,-0.02832674571805005,-0.050518134715025864,-0.048048048048048075,-0.04778972520908009,-0.0457578646329837,-0.0426179604261796,-0.038953134510042675,-0.03844011142061288,-0.03424657534246556,-0.03414442700156972,-0.03420342034203416,-0.03242542153047989,-0.029864675688287434
2023-10-05T13:00:00.000000000-04,0.05187319884726227,0.07470870459218637,0.08062930186824002,0.0879284649776455,0.09638554216867457,0.09876543209876543,0.06717044500419811,-0.06819716407832543,-0.1198910081743868,-0.1088328075709778,-0.10301507537688448,-0.10079840319361277,-0.09531374106433677,-0.08808618504435994,-0.08786127167630031,-0.08392315470171896,-0.07792207792207795,-0.08014911463187324,-0.07563587684069617,-0.06971153846153844
2023-10-05T14:00:00.000000000-04,0.031232876712328883,0.04400510204081609,0.048225659690627865,0.05075445816186552,0.0483516483516484,0.04494382022471921,0.037735849056603765,-0.04858593183466264,-0.08682170542635648,-0.07433628318584073,-0.07293127629733531,-0.07103218645948928,-0.07023705004389824,-0.06606397774687056,-0.06590621039290245,-0.06294864715626725,-0.058149779735682805,-0.057809330628803224,-0.05579710144927541,-0.051652892561983466
2023-10-05T15:00:00.000000000-04,-0.033457249070631745,-0.04087858450274573,-0.05729166666666663,-0.057366362451108155,-0.08158995815899561,-0.09318996415770597,-0.05075757575757567,0.022086824067022226,0.027164685908318997,0.02485659655831718,0.027231467473525006,0.02272727272727293,0.023607176581680767,0.03350707371556205,0.03254237288135586,0.028268551236749095,0.03601496725912057,0.011840688912809538,0.016897081413210557,0.017448200654307522
2023-10-05T16:00:00.000000000-04,-0.007671232876712342,-0.01333333333333342,-0.010045662100456543,-0.019283746556473913,-0.017977528089887618,-0.023346303501945664,-0.007923930269413737,0.01577761081893314,0.036544850498339,0.030131826741996326,0.028231797919762158,0.028169014084507005,0.02873030583873959,0.018854242204496163,0.021854304635761546,0.020713463751438566,0.016400911161731146,0.02019128586609975,0.022727272727272707,0.018776824034334894
2023-10-06T09:00:00.000000000-04,0.001209921355111998,0.0029390154298309934,0.0064239828693790635,0.00996677740863805,0.019230769230769384,0.028708133971292016,0.006306306306306242,0.009446693657219951,0.00540540540540535,0.00943396226415083,0.009975062344139696,0.009900990099009688,0.011792452830188926,0.008750000000000036,0.012013729977116583,0.007470119521912455,0.008376545672118096,0.011152416356877026,0.013351134846461887,0.010481181515006988
2023-10-06T10:00:00.000000000-04,0.06969696969696959,0.10398230088495586,0.11373390557939911,0.1206611570247933,0.1277173913043479,0.13145539906103298,0.08820882088208815,-0.08854860186418101,-0.16421895861148206,-0.14108527131782966,-0.13546798029556661,-0.13424124513618685,-0.12558139534883717,-0.11757425742574257,-0.12022471910112364,-0.11187777230162643,-0.10505529225908372,-0.10887465690759368,-0.10295081967213116,-0.09628933771723802
2023-10-06T11:00:00.000000000-04,0.23359728506787336,0.3293333333333335,0.38461538461538436,0.4506627393225331,0.5227817745803356,0.5975103734439831,0.306105610561056,-0.1770299926847111,-0.3184,-0.2730560578661845,-0.2703862660944206,-0.2660653889515221,-0.261101243339254,-0.2535112359550563,-0.24967989756722164,-0.2433184855233853,-0.22743362831858405,-0.21090534979423858,-0.20644216691068817,-0.19791666666666663
2023-10-06T12:00:00.000000000-04,-0.030162412993039567,-0.0486215538847119,-0.06413793103448273,-0.07287449392712542,-0.08490566037735836,-0.10335917312661502,-0.04746835443037978,0.010657193605683624,0.028503562945368266,0.012437810945273853,0.015717092337917515,0.013846153846153841,0.015662650602409567,0.017958412098298737,0.024117140396210157,0.015475313190862261,0.017929438982070778,0.01303780964797907,0.0157553290083412,0.01629726205997395
2023-10-06T13:00:00.000000000-04,0.0644699140401146,0.0851735015772872,0.09765051395007318,0.11899563318777284,0.13527397260273966,0.1613832853025936,0.08903654485049839,-0.04837291116974496,-0.10879629629629639,-0.0888888888888888,-0.08932038834951472,-0.08523592085235931,-0.0878859857482186,-0.08193668528864062,-0.0809443507588532,-0.08133623819898328,-0.07639680729760545,-0.06056701030927836,-0.05667276051188308,-0.05655526992287907
2023-10-06T14:00:00.000000000-04,0.05293853746074473,0.05523255813953498,0.06622073578595322,0.08000000000000007,0.09200603318250389,0.10918114143920632,0.057997557997558014,-0.026802218114602483,-0.07272727272727253,-0.0487804878048782,-0.053078556263269405,-0.053244592346089914,-0.052015604681404315,-0.05172413793103425,-0.050458715596330306,-0.049763033175355464,-0.04814814814814816,-0.03155006858710552,-0.03488372093023251,-0.03542234332425065
2023-10-06T15:00:00.000000000-04,-0.047334754797441536,-0.05359596885020601,-0.059523809523809534,-0.07310469314079426,-0.07596685082872934,-0.07812500000000011,-0.05199306759098776,0.046313799621928275,0.0949720670391061,0.07407407407407396,0.08295964125560529,0.09154929577464777,0.09215955983493807,0.0799573560767588,0.0910852713178294,0.08757297748123438,0.0790667530784186,0.06818181818181834,0.06827309236947787,0.06148409893992923
2023-10-06T16:00:00.000000000-04,0.020627802690583064,0.022384428223844344,0.028244788164088597,0.0322265625,0.02686567164179121,0.02421307506053272,0.0243753808653262,-0.017148014440433124,-0.04282115869017633,-0.023872679045092715,-0.035051546391752564,-0.025974025974025983,-0.035131744040150736,-0.02946954813359537,-0.03451327433628326,-0.032110091743119296,-0.031081888822474535,-0.025232403718459473,-0.02259887005649741,-0.02382528127068162
2023-10-09T09:00:00.000000000-04,0.052078356426182415,0.06759656652360513,0.08039068369646896,0.07456140350877183,0.09773123909249559,0.11111111111111116,0.06956521739130439,-0.05797101449275366,-0.11040339702760116,-0.09070796460177,-0.08626760563380287,-0.08321775312066582,-0.08406113537117899,-0.07996560619088566,-0.08112324492979717,-0.0772357723577235,-0.07330123060460125,-0.06330597889800715,-0.06108786610878669,-0.05959475566150174
2023-10-09T10:00:00.000000000-04,-0.04904632152588562,-0.06841046277665996,-0.0758524704244955,-0.08673469387755117,-0.09538950715421313,-0.10554089709762537,-0.06382978723404253,0.06586826347305386,0.13636363636363646,0.11678832116788329,0.1113243761996161,0.11229135053110784,0.10952380952380958,0.10580524344569286,0.10459183673469385,0.09677419354838701,0.09111880046136123,0.08260325406758451,0.07754010695187175,0.07468354430379742
2023-10-09T11:00:00.000000000-04,0.060678451982799864,0.08658008658008653,0.09200603318250389,0.10167597765363134,0.1130742049469966,0.10619469026548689,0.0795986622073579,-0.0721732157177224,-0.1473684210526316,-0.12200435729847503,-0.12089810017271163,-0.11852861035422335,-0.11480686695278974,-0.10838272650296366,-0.10700538876058507,-0.10294117647058831,-0.09725158562367886,-0.08901734104046233,-0.08512396694214874,-0.08343125734430079
2023-10-09T12:00:00.000000000-04,-0.0018018018018017834,-0.00447761194029872,-0.0027624309392264568,-0.0030364372469634526,-0.0015847860538826808,0.00533333333333319,-0.0018564356435641916,0.0017286084701815252,0.0,-0.009925558312654847,-0.0019646365422396617,0.0,0.002418379685610539,0.00569259962049351,0.006890611541774394,0.006701414743112366,0.009378663540445586,-0.0012690355329949554,0.0027075812274368616,0.0064102564102563875
2023-10-09T13:00:00.000000000-04,0.12347904461469117,0.17282717282717286,0.200414651002073,0.23630831643002037,0.2777777777777777,0.3183023872679047,0.16470588235294148,-0.12705272255834055,-0.23152709359605916,-0.19548872180451138,-0.19723865877712032,-0.1956856702619414,-0.1942098914354644,-0.18490566037735845,-0.18251928020565555,-0.180473372781065,-0.17209302325581388,-0.15903307888040719,-0.15481548154815472,-0.1434948979591837
2023-10-09T14:00:00.000000000-04,0.018028846153846034,0.022146507666098714,0.021814006888633664,0.03035274815422473,0.030978934324659146,0.03621730382293764,0.023961661341852958,-0.01588877855014892,-0.05144694533762062,-0.031347962382445305,-0.029629629629629672,-0.02895752895752901,-0.03587443946188329,-0.03484320557491272,-0.03259726603575186,-0.031645569620253,-0.03092059030217853,-0.019696969696969546,-0.02025586353944553,-0.023082650781831582
2023-10-09T15:00:00.000000000-04,-0.013017751479289852,-0.015859766277128706,-0.023622047244094557,-0.02639999999999998,-0.03493975903614466,-0.040935672514619825,-0.01665799062988027,0.010080645161290258,0.023728813559321882,0.025889967637540368,0.010126582278481067,0.011881188118811892,0.018604651162790642,0.012019230769230616,0.015200868621063846,0.01023255813953483,0.00867052023121384,0.015455950540958163,0.008676789587852785,0.012957317073170493
2023-10-09T16:00:00.000000000-04,0.0019968051118210983,0.003392705682782049,0.003442340791738552,0.004098360655737654,0.003731343283582156,0.004040404040404066,0.0031830238726788807,-0.0029970029970028955,-0.013245033112582738,-0.006349206349206549,-0.005012531328320913,-0.009784735812132905,-0.006116207951070152,-0.0071258907363420665,-0.006437768240343367,-0.004616805170821747,-0.00573476702508946,-0.0060975609756098725,-0.003232758620689724,-0.0030188679245282124
2023-10-10T09:00:00.000000000-04,0.016515926071569043,0.02406639004149369,0.023542600896860888,0.024780175859312692,0.03427172582619331,0.03992015968063867,0.021354166666666785,-0.033333333333333326,-0.07664233576642332,-0.06506849315068475,-0.06469002695417791,-0.05907172995780574,-0.05737704918032782,-0.05456852791878175,-0.05383734249713634,-0.05299313052011789,-0.05155420773313124,-0.040322580645161143,-0.03199999999999992,-0.03107569721115544
2023-10-10T10:00:00.000000000-04,0.05544859453215256,0.07919191919191926,0.09568069983597605,0.10256410256410242,0.11938534278959811,0.13435700575815734,0.07747196738022422,-0.06507592190889344,-0.13545816733067728,-0.11721611721611735,-0.10434782608695659,-0.1123595505617977,-0.10975609756097571,-0.11305518169582773,-0.10718635809987831,-0.10822060353798124,-0.10871302957633888,-0.0873949579831933,-0.08510638297872342,-0.07864238410596036
2023-10-10T11:00:00.000000000-04,0.07108831073653366,0.09009009009009006,0.09985022466300553,0.11884669479606202,0.14920634920634934,0.16666666666666652,0.08404154863078372,-0.05458768873403008,-0.12903225806451613,-0.08298755186721996,-0.09708737864077666,-0.09620253164556958,-0.09607843137254912,-0.09408194233687395,-0.09699453551912585,-0.09673659673659674,-0.09686098654708519,-0.0662983425414364,-0.07105943152454786,-0.07187780772686425
2023-10-10T12:00:00.000000000-04,-0.0047863247863247915,-0.007567939456484263,-0.008608971454463155,-0.0094161958568737,-0.012867647058823373,-0.01151079136690647,-0.007388092133854718,0.017199017199017286,0.021164021164021163,0.02714932126696823,0.028673835125448077,0.028011204481792618,0.017353579175704903,0.020168067226890685,0.015128593040847349,0.015523932729624823,0.013930348258706315,0.027613412228796763,0.020862308762169768,0.01745877788554795
2023-10-10T13:00:00.000000000-04,-0.055288461538461564,-0.0639777468706536,-0.07685269899359559,-0.08825396825396825,-0.10186915887850467,-0.11695906432748548,-0.06707584392810162,0.04704463208685161,0.09793814432989678,0.0792951541850222,0.07291666666666674,0.0792349726775956,0.08297872340425538,0.08415841584158401,0.08482142857142838,0.08386277001270637,0.08635917566241402,0.05555555555555536,0.058503401360544105,0.06309751434034427
2023-10-10T14:00:00.000000000-04,-0.03344238458742266,-0.04043026706231456,-0.04900990099009894,-0.05230125523012552,-0.060228452751817096,-0.06633499170812596,-0.04043253408556646,0.02764976958525356,0.07511737089201875,0.04897959183673484,0.055016181229773364,0.05569620253164542,0.05500982318271119,0.05783866057838649,0.0534246575342463,0.05269320843091352,0.05234657039711199,0.03266787658802173,0.038610038610038755,0.0387038703870386
2023-10-10T15:00:00.000000000-04,-0.008633633633633675,-0.010819165378670781,-0.01194805194805193,-0.011747430249632873,-0.019845644983461974,-0.015957446808510745,-0.008317025440312986,-0.008978675645342271,-0.004347826086956386,-0.011673151750972832,-0.009202453987729897,-0.014388489208633226,-0.014897579143389184,-0.011527377521613813,-0.012987012987013102,-0.010000000000000009,-0.004284490145672559,-0.019264448336252293,-0.013647642679900596,-0.010398613518197486
2023-10-10T16:00:00.000000000-04,0.004547176960969956,0.004303599374021916,0.005265929436545358,0.004477611940298498,0.00790960451977396,0.009107468123861429,0.004455445544554459,-0.001129943502825026,-0.004329004329004182,0.0,-0.003095975232198178,-0.004842615012106699,-0.0018832391713746732,-0.0014513788098693414,-0.002617801047120616,-0.004459308807134965,-0.0034305317324184736,0.0,0.0,0.0
2023-10-11T09:00:00.000000000-04,-0.02460202604920403,0.034131031777167475,-0.014558232931726867,-0.02466525722339674,-0.018240343347639465,-0.010544815465729274,-0.012375059495478236,-0.005988023952095856,-0.010152284263959421,-0.021929824561403244,-0.007017543859649145,-0.013586956521739246,-0.008456659619450524,0.0,0.0,-0.006172839506172756,0.0057088487155088075,-0.007648183556405508,-0.0026990553306341925,-0.0009380863039399889
2023-10-11T10:00:00.000000000-04,-0.003338278931750871,-0.0015163002274450887,-0.004071246819338348,-0.008645533141210304,-0.013086150490730586,-0.017699115044247926,-0.005296100144439042,-0.0072289156626507145,-0.02051282051282055,-0.0089686098654711,-0.00706713780918744,-0.0055096418732780705,-0.00849256900212314,-0.006525285481239762,-0.004398826979472137,-0.006218905472636704,-0.007568590350047311,-0.0077071290944121795,-0.008119079837618504,-0.00469924812030087
2023-10-11T11:00:00.000000000-04,-0.03500931098696469,-0.04745634016704636,-0.05464759959141985,-0.06390704429920113,-0.07284768211920511,-0.08617594254937166,-0.0445304937076475,0.055825242718446466,0.1361256544502618,0.10859728506787336,0.09964412811387913,0.09972299168975063,0.09850107066381164,0.09523809523809534,0.09131075110456566,0.09011264080100134,0.08492366412213737,0.07378640776699008,0.07094133697135052,0.06610009442870624
2023-10-11T12:00:00.000000000-04,0.004242190512919297,0.0007961783439491832,0.004859611231101457,0.00929512006196731,0.014268727705112783,0.023483365949119595,0.005063291139240533,0.05632183908046007,0.13824884792626713,0.12244897959183665,0.11650485436893221,0.10075566750629728,0.08966861598440534,0.07796101949025491,0.07287449392712553,0.06789413118527055,0.05897887323943651,0.07775768535262229,0.06624203821656072,0.05501330967169493
2023-10-11T13:00:00.000000000-04,-0.01229350749135616,-0.010752688172043001,-0.01455525606468977,-0.023827824750192184,-0.028169014084507116,-0.03646833013435713,-0.017137096774193505,0.018498367791077053,0.04048582995951433,0.032727272727272716,0.04057971014492745,0.02961275626423676,0.03035714285714275,0.023513139695712226,0.025031289111389077,0.03222341568206222,0.019118869492934287,0.02684563758389258,0.02502979737783062,0.017632241813602123
2023-10-11T14:00:00.000000000-04,0.03970416504476448,0.04979757085020253,0.05257393209200445,0.061514195583596276,0.06642512077294693,0.06972111553784877,0.06123508043591097,-0.06944444444444431,-0.16666666666666652,-0.12631578947368405,-0.12885154061624648,-0.12747252747252746,-0.12110726643598624,-0.11725067385444743,-0.1146341463414634,-0.11006289308176087,-0.10024449877750619,-0.08415841584158423,-0.08974358974358965,-0.08374384236453203
2023-10-11T15:00:00.000000000-04,0.0385479041916168,0.055576997298340425,0.059374999999999956,0.06528189910979232,0.069082672706682,0.06890130353817514,0.045943304007820096,-0.08256880733944938,-0.16744186046511644,-0.14457831325301218,-0.14147909967845673,-0.1385390428211587,-0.13412228796844172,-0.12671755725190825,-0.123796423658872,-0.11896348645465249,-0.11060743427017228,-0.10649819494584822,-0.10102301790281343,-0.09139784946236551
2023-10-11T16:00:00.000000000-04,0.03251445086705207,0.04220183486238538,0.04825209256523855,0.05524475524475525,0.06382978723404253,0.07155322862129143,0.04067321178120609,-0.03495630461922594,-0.08938547486033532,-0.06572769953051638,-0.0674157303370786,-0.06997084548104937,-0.06802721088435393,-0.06631762652705075,-0.06436420722134994,-0.06283422459893051,-0.05918367346938791,-0.046277665995975936,-0.04667609618104673,-0.04523107177974428
2023-10-12T09:00:00.000000000-04,-0.06160458452722062,-0.07132459970887906,-0.09276347741622148,-0.10347222222222208,-0.11889596602972385,-0.13835376532399302,-0.07589079130032395,0.06028833551769308,0.14556962025316444,0.11458333333333348,0.1203319502074689,0.11935483870967722,0.1119402985074629,0.12068965517241348,0.11452991452991457,0.10982658959537561,0.11062431544359264,0.08405172413793083,0.086232980332829,0.08333333333333348
2023-10-12T10:00:00.000000000-04,0.02021357742181551,0.029030992546096535,0.0304324612920448,0.03408210689388058,0.037484885126964906,0.03651115618661249,0.02557673019057205,-0.04320987654321007,-0.09340659340659352,-0.0700934579439253,-0.07037037037037053,-0.0722543352601156,-0.07572383073496658,-0.07179487179487176,-0.07066052227342545,-0.07152145643693097,-0.06422924901185778,-0.05168986083499005,-0.05160390516039037,-0.049180327868852625
2023-10-12T11:00:00.000000000-04,0.003714710252600284,0.015993907083015957,0.017589239524056,0.019446522064322957,0.020954598370197974,0.017612524461839474,0.014655593551538892,-0.02570694087403591,-0.06060606060606055,-0.03015075376884424,-0.03984063745019906,-0.04037267080745355,-0.03855421686746996,-0.04036697247706422,-0.036363636363636376,-0.04038997214484663,-0.03386243386243393,-0.02935010482180289,-0.02794117647058847,-0.02238046795523918
2023-10-12T12:00:00.000000000-04,0.0011082379017361976,-0.006728971962616792,0.0005070993914806365,-0.0014619883040934978,-0.00227014755959154,-0.0038387715930903177,-0.0014416146083614523,0.007936507936507686,0.02580645161290329,0.020942408376963373,0.016597510373443924,0.019543973941367865,0.02015113350125941,0.013435700575815668,0.013769363166953541,0.008733624454148492,0.006578947368421018,0.006479481641468832,0.007575757575757791,0.005219206680584509
2023-10-12T13:00:00.000000000-04,-0.12532347504621077,-0.1696562032884903,-0.1860701576004069,-0.20925110132158597,-0.24118316268486906,-0.27063339731285996,-0.15477338476374158,0.24214659685863893,0.6062500000000002,0.446700507614213,0.4653061224489794,0.46178343949044565,0.45208845208845205,0.44150943396226405,0.43485617597292725,0.4252873563218391,0.40369967355821523,0.3269230769230771,0.3148425787106446,0.2981366459627328
2023-10-12T14:00:00.000000000-04,0.018604651162790642,0.025572005383580176,0.027465667915106184,0.03156917363045486,0.032786885245901676,0.03421052631578947,0.02162777461582266,-0.014752370916754298,-0.019379844961240233,0.0,-0.011142061281337101,-0.013071895424836666,-0.015280135823429464,-0.023498694516971286,-0.022405660377358694,-0.029145728643215962,-0.03095975232198145,-0.016155088852988664,-0.019362186788155045,-0.021513944223107484
2023-10-12T15:00:00.000000000-04,0.01323955316508063,0.02050610820244314,0.01751207729468618,0.013428827215756556,0.015827338129496438,0.002525252525252375,0.012770682953914703,-0.06021505376344105,-0.13888888888888895,-0.11387900355871872,-0.11614730878186974,-0.10491071428571441,-0.10086956521739132,-0.0943396226415093,-0.09002433090024309,-0.09015544041450774,-0.08173076923076916,-0.08072487644151571,-0.07242990654205594,-0.0654664484451718
2023-10-12T16:00:00.000000000-04,0.0032599837000815146,0.0077054794520547976,0.007104795737122416,0.011433597185575906,0.01276595744680864,0.00496277915632759,0.009320175438596312,-0.003444316877152853,-0.013953488372093092,-0.012145748987854144,-0.009646302250803984,-0.00757575757575768,-0.013565891472868241,-0.006006006006006093,-0.010752688172043001,-0.0045977011494251485,-0.0069930069930072,-0.005405405405405461,-0.006321112515802918,-0.007011393514461006
2023-10-13T09:00:00.000000000-04,0.03759110088224005,0.05217391304347818,0.05996758508914102,0.06619385342789585,0.08364544319600498,0.06911447084233258,0.03607214428857719,0.010869565217391353,-0.009852216748768683,0.0,-0.013468013468013518,-0.015957446808510523,-0.05405405405405417,-0.02893890675241162,-0.023188405797101463,-0.023485784919653807,-0.035004730368968895,-0.016666666666666607,-0.02233902759526951,-0.022263450834879572
2023-10-13T10:00:00.000000000-04,-0.13708260105448145,-0.09276729559748431,-0.11646373742721028,-0.14415781487101653,-0.15012106537530268,-0.1428571428571429,-0.11154408183146614,0.11222222222222222,0.49,0.32098765432098775,0.2996742671009771,0.31842105263157894,0.39560439560439553,0.26249999999999996,0.3234421364985163,0.2997481108312343,0.2913000977517106,0.2652671755725191,0.24864864864864855,0.23106060606060597
2023-10-13T11:00:00.000000000-04,-0.032613126783530344,-0.04761904761904767,-0.05140466228332319,-0.05071174377224197,-0.05974395448079661,-0.05303030303030298,-0.039517014270032846,0.11688311688311681,0.2441471571906355,0.22429906542056077,0.2124999999999999,0.20318725099601598,0.18867924528301905,0.1703703703703705,0.16479820627802688,0.15779283639883834,0.1382175226586102,0.1523378582202113,0.13991323210412165,0.12058371735791096
2023-10-13T12:00:00.000000000-04,0.030379746835442978,0.03641329085116074,0.04045512010113783,0.03842549203373946,0.04393939393939417,0.05093833780160839,0.033218785796105266,-0.02584670231729047,-0.06400000000000006,-0.035532994923857864,-0.040983606557377206,-0.04448105436573302,-0.04743083003952564,-0.05141657922350473,-0.04615384615384621,-0.05166666666666675,-0.0515191545574637,-0.02741514360313313,-0.03222748815165877,-0.030843043180260432
2023-10-13T13:00:00.000000000-04,-0.014326647564469996,-0.025956885173779143,-0.026219512195121975,-0.03158844765342961,-0.03483309143686508,-0.040712468193384255,-0.017728531855955465,0.049450549450549275,0.031339031339031376,0.04199475065616798,0.04710920770877958,0.050086355785837755,0.04979253112033177,0.05181918412348385,0.05544354838709675,0.054529463500439634,0.0557880055788007,0.05488621151271755,0.05180840664711628,0.05028328611898014
2023-10-13T14:00:00.000000000-04,-0.0029093931837074205,-0.0036231884057970065,-0.008793969849246186,-0.014925373134328401,-0.02714932126696823,-0.039787798408487896,-0.005646527385657851,-0.024411508282475847,-0.052341597796143224,-0.05025125628140703,-0.049079754601227044,-0.049261083743842304,-0.0446780551905388,-0.04493207941483801,-0.042065009560229516,-0.03916666666666668,-0.03764861294583888,-0.03168567807351075,-0.029712163416898862,-0.02895622895622907
2023-10-13T15:00:00.000000000-04,-0.007071547420964941,-0.011775362318840465,-0.017045454545454475,-0.02457466918714557,-0.030864197530864335,-0.030470914127423865,-0.01076487252124636,-0.009838998211091132,-0.04678362573099415,-0.026525198938991967,-0.030172413793103536,-0.03114186851211065,-0.020746887966805017,-0.005470459518599591,-0.018981018981018893,-0.012998266897746857,-0.010302197802197655,-0.003947368421052588,-0.008620689655172376,-0.005551700208188737
2023-10-13T16:00:00.000000000-04,-0.01653944020356224,-0.03264367816091962,-0.03112840466926059,-0.043689320388349495,-0.03721682847896435,-0.05747126436781613,-0.02034883720930225,0.017086330935251803,-0.002949852507374562,0.021917808219177992,0.019780219780219932,0.012173913043478368,0.008241758241758212,0.029933481152993213,0.013930348258706537,0.026200873362445476,0.02405498281786933,0.01984126984126977,0.018269230769230704,0.017349063150589927
2023-10-16T09:00:00.000000000-04,0.015488482922954683,0.025402201524132195,0.024705882352941355,0.029929577464788748,0.03309352517985609,0.023316062176165886,0.020277481323372593,-0.017689906347554407,-0.04782608695652146,-0.03956834532374098,-0.031791907514450934,-0.0367816091954023,-0.03068592057761721,-0.028208744710860212,-0.030612244897959218,-0.030701754385965008,-0.024680851063829667,-0.027243589743589758,-0.02540415704387977,-0.026186579378068786
2023-10-16T10:00:00.000000000-04,0.09707602339181287,0.12814173877214685,0.15428571428571414,0.1880851063829787,0.230235783633842,0.2896725440806045,0.1272822117892538,-0.09468085106382984,-0.2211981566820277,-0.1811320754716983,-0.18126888217522652,-0.1774580335731415,-0.1763602251407128,-0.1698389458272328,-0.16733067729083662,-0.16799091940976163,-0.16109154929577463,-0.1270627062706271,-0.1223277909738717,-0.12215669755686609
2023-10-16T11:00:00.000000000-04,-0.029119318181818232,-0.03871439006574151,-0.0425742574257425,-0.05003573981415299,-0.05941704035874429,-0.05847953216374269,-0.04585052728106376,0.04112808460634554,0.047337278106508895,0.04608294930875556,0.06691449814126393,0.058309037900874605,0.06864988558352403,0.06349206349206349,0.06698564593301426,0.07113543091655261,0.06940063091482651,0.06095238095238109,0.05729877216916779,0.05091258405379451
2023-10-16T12:00:00.000000000-04,-0.007312614259597949,-0.003418154196733636,-0.005681818181818121,-0.009022556390977488,-0.009535160905840279,-0.020618556701030855,-0.008165225744476534,-0.018099547511312264,-0.03389830508474578,-0.02643171806167388,-0.028070175438596467,-0.02754820936639113,-0.021505376344086113,-0.01827242524916939,-0.01799100449775115,-0.012804097311139628,-0.007897334649555554,-0.030575539568345356,-0.023285899094437346,-0.013748854262144894
2023-10-16T13:00:00.000000000-04,0.01730486008836518,0.024018299656881403,0.026998961578400982,0.02874432677760974,0.028880866425992746,0.025157232704402732,0.02130750605326881,-0.019630484988452657,-0.04678362573099415,-0.0365296803652968,-0.036363636363636265,-0.03966005665722394,-0.0353200883002206,-0.03735144312393901,-0.036641221374045685,-0.03901170351105321,-0.035964035964035856,-0.022263450834879572,-0.02384105960264893,-0.024253731343283347
2023-10-16T14:00:00.000000000-04,-0.003260869565217539,0.0003724394785846741,0.0005060728744941123,-0.0036710719530103075,-0.001168224299065157,-0.004089979550102374,-0.002844950213371167,-0.020023557126030656,-0.04907975460122693,-0.028436018957346154,-0.030188679245283012,-0.02359882005899705,-0.022883295194508158,-0.024604569420035083,-0.022187004754358197,-0.016260162601626105,-0.014522821576763545,-0.026565464895635604,-0.02170963364993217,-0.018181818181818188
2023-10-16T15:00:00.000000000-04,-0.030148928441699918,-0.029839612085043044,-0.037449392712550544,-0.04786450662739328,-0.052816901408450634,-0.07392197125256683,-0.038113387327298964,0.02043269230769229,0.06451612903225801,0.048780487804878314,0.05447470817120603,0.030211480362537957,0.03529411764705892,0.046846846846847034,0.03715670436187413,0.035862068965517135,0.04842105263157914,0.03522504892367917,0.02496532593619971,0.033138401559454245
2023-10-16T16:00:00.000000000-04,0.018345189067765055,0.02281515854601701,0.028647214854111258,0.01766513056835639,0.03750000000000009,0.03752759381898452,0.01523341523341526,-0.022274325908558157,-0.036809815950920144,-0.037209302325581395,-0.03717472118959131,-0.04610951008645536,-0.04260089686098678,-0.03626943005181349,-0.04461538461538461,-0.025367156208277675,-0.037223340040241526,-0.02285714285714291,-0.029569892473118142,-0.02367424242424243
2023-10-17T09:00:00.000000000-04,-0.0004185851820844855,0.04743833017077792,0.0006361323155217313,0.0019249278152069227,0.011235955056179803,0.00586510263929596,0.0022844089091946795,0.0030674846625764474,-0.009009009009008806,0.011111111111111294,0.00583090379008766,0.006849315068492956,0.0017605633802817433,0.006775067750677266,0.0012180267965893332,0.007299270072992803,0.004815409309791185,0.0015873015873015817,0.010227272727272751,0.002382843526608447
2023-10-17T10:00:00.000000000-04,0.0940386230058774,0.12891511575124803,0.15261813537675595,0.17988394584139256,0.19968051118210872,0.22287390029325516,0.12521539345203903,-0.10964467005076162,-0.21524663677130063,-0.1684981684981688,-0.17391304347826098,-0.18202247191011234,-0.1871750433275563,-0.18157543391188258,-0.18050541516245489,-0.17507723995880542,-0.16970658207771605,-0.14308176100628922,-0.13677130044843056,-0.13159968479117412
2023-10-17T11:00:00.000000000-04,0.08042895442359255,0.11218335343787711,0.12935323383084585,0.16078753076292052,0.19573901464713717,0.23501199040767395,0.1050484446710862,-0.08342857142857152,-0.18285714285714294,-0.1409691629955946,-0.1473684210526316,-0.14876033057851246,-0.14925373134328346,-0.14590163934426226,-0.14977973568281944,-0.14981273408239693,-0.1416267942583731,-0.1009174311926605,-0.10519480519480506,-0.10282074613284808
2023-10-17T12:00:00.000000000-04,-0.018807665010645902,-0.024954792043399565,-0.027450980392156765,-0.031161473087818803,-0.03674832962138086,-0.03508771929824561,-0.02352398523985233,0.007462686567164312,0.013986013986013957,0.01025641025641022,0.016460905349794164,0.012861736334405238,0.020050125313283207,0.02303262955854124,0.024179620034542326,0.02049780380673516,0.024526198439241753,0.012219959266802638,0.01741654571843232,0.015182186234817818
2023-10-17T13:00:00.000000000-04,-0.05922715781870702,-0.07897664071190214,-0.09104627766599593,-0.1046086320409656,-0.11587485515643092,-0.1336032388663968,-0.07379375591296133,0.12098765432098779,0.3310344827586207,0.25380710659898464,0.24291497975708531,0.23492063492063475,0.2334152334152333,0.2222222222222221,0.21996615905245354,0.20946915351506434,0.19239130434782625,0.1649899396378267,0.15549215406562045,0.14685314685314688
2023-10-17T14:00:00.000000000-04,-0.012672811059907807,-0.014481094127111849,-0.021040974529346612,-0.024390243902439046,-0.03137254901960784,-0.037296037296037365,-0.01630157921548636,0.007709251101321701,0.010362694300518172,0.008097165991903132,0.013029315960912058,0.010230179028132946,0.010000000000000009,0.015408320493066174,0.011142061281337101,0.01187648456057011,0.010968921389396424,0.01211072664359869,0.009900990099010132,0.012195121951219523
2023-10-17T15:00:00.000000000-04,0.057309941520467866,0.0717801476620179,0.08730158730158721,0.09296482412060292,0.10733695652173925,0.1143552311435525,0.06968278731149247,-0.06324972737186474,-0.1743589743589743,-0.12350597609561742,-0.1182108626198084,-0.11392405063291144,-0.11394891944990182,-0.1180030257186081,-0.11217510259917929,-0.11435239206534431,-0.11051212938005384,-0.08177172061328786,-0.08282582216808787,-0.08061749571183541
2023-10-17T16:00:00.000000000-04,-0.017336776097381046,-0.02065799540933433,-0.02456874019864097,-0.030581039755351758,-0.033169533169533194,-0.04148471615720517,-0.022330097087378653,0.01979045401629831,0.04968944099378869,0.03652968036529636,0.032727272727272716,0.034383954154727725,0.03340757238307357,0.03436426116838476,0.03245749613601223,0.031620553359683834,0.03441295546558698,0.020408163265305923,0.02393617021276584,0.022450888681010195
2023-10-18T09:00:00.000000000-04,0.0015854141894569018,0.003386960203217493,-0.0005851375073142595,0.0017528483786151128,0.0028860028860029363,0.010610079575596787,0.0015991471215353048,0.02774813233724638,0.06282722513089012,0.05577689243027906,0.053797468354430444,0.04962779156327568,0.04414587332053732,0.038461538461538325,0.0332446808510638,0.03302961275626415,0.02626970227670733,0.03678929765886263,0.030989272943980906,0.02434928631402178
2023-10-18T10:00:00.000000000-04,-0.046245059288537504,-0.0664128595600677,-0.08070175438596505,-0.09432314410480336,-0.09840810419681612,-0.11023622047244097,-0.06113769271664016,0.07261410788381739,0.15763546798029515,0.1283018867924528,0.12612612612612617,0.11764705882352944,0.11970534069981587,0.11714285714285722,0.11870967741935479,0.11147902869757198,0.11044520547945225,0.09208400646203563,0.09396751740139186,0.08538587848932666
2023-10-18T11:00:00.000000000-04,-0.0012463647694225255,0.0,0.00191693290734829,0.0009689922480620172,0.003231017770597866,0.005934718100890191,-0.0011376564277587597,-0.002892960462873795,0.0,0.02341137123745818,0.015999999999999792,0.010460251046025215,0.0032626427406199365,0.0012706480304955914,0.005773672055427337,0.0,0.0023112480739599928,0.0014727540500736325,-0.0010604453870625141,-0.0015082956259427904
2023-10-18T12:00:00.000000000-04,-0.03662089055347495,-0.04679691049522938,-0.05427841634738184,-0.06389157792836397,-0.07692307692307698,-0.07988165680473358,-0.04667046101309047,0.04628736740597872,0.13135593220338992,0.0915032679738561,0.086387434554974,0.08921161825726132,0.08780487804878034,0.08111533586818731,0.07798165137614688,0.07790927021696237,0.07055214723926384,0.06784660766961648,0.06595744680851046,0.05668934240362811
2023-10-18T13:00:00.000000000-04,0.025021570319240682,0.0342530922930544,0.03910991233985173,0.04127966976264186,0.04173913043478272,0.03858520900321549,0.030970815961882225,-0.05790441176470584,-0.15298507462686584,-0.10479041916167653,-0.10551558752997592,-0.10626185958254264,-0.10313901345291476,-0.09613130128956615,-0.09544008483563104,-0.09340659340659352,-0.0829756795422032,-0.07330567081604444,-0.07278165503489531,-0.06638115631691643
2023-10-18T14:00:00.000000000-04,-0.04775869291998325,-0.0678899082568808,-0.07582631237848347,-0.08811881188118798,-0.09682804674457435,-0.1141975308641976,-0.05946882217090077,0.03418803418803407,0.13716814159292068,0.10702341137123716,0.10427807486631013,0.10381355932203395,0.10833333333333339,0.10403120936280885,0.10082063305978894,0.101010101010101,0.09516380655226198,0.0807174887892379,0.07626208378088095,0.07328244274809137
2023-10-18T15:00:00.000000000-04,-0.04186866460996019,-0.06102362204724421,-0.06544686840253344,-0.0848748639825897,-0.10720887245841038,-0.12195121951219512,-0.05233990147783263,0.033913840513290605,0.05447470817120603,0.012012012012011963,0.03874092009685226,0.04588910133843216,0.05247376311844065,0.05164319248826299,0.06289978678038377,0.06489945155393051,0.06276747503566349,0.04137931034482767,0.04790419161676662,0.046197583511016216
2023-10-18T16:00:00.000000000-04,0.01460520310360569,0.019032921810699932,0.021513353115726996,0.02680652680652673,0.022132796780683917,0.023255813953488413,0.017983301220295456,-0.03217158176943691,-0.06463878326996197,-0.06249999999999989,-0.0658823529411765,-0.055762081784386686,-0.04817518248175179,-0.058165548098434106,-0.04703476482617597,-0.04732690622261171,-0.04616429056347593,-0.03499327052489898,-0.036644165863066624,-0.02969613259668502
2023-10-19T09:00:00.000000000-04,0.0018450184501843658,-0.006166495375128478,-0.01042442293373047,-0.016336056009334965,-0.02631578947368396,-0.027131782945736593,-0.012226512226512054,0.018604651162790642,0.03305785123966953,0.016181229773462924,0.015306122448979664,0.015904572564612085,0.02631578947368407,0.02278177458033559,0.01070663811563155,0.02889095992544255,0.017844396859386213,0.008498583569404916,0.011144883485308954,0.011477761836441891
2023-10-19T10:00:00.000000000-04,-0.042965061378659075,-0.10144181256436657,-0.0654574132492114,-0.12765957446808507,-0.1094420600858369,-0.14800000000000002,-0.06404269513008665,0.06940639269406401,0.18799999999999994,0.15974440894568698,0.3085714285714285,0.040707964601770064,0.2962328767123288,0.1609058402860548,0.2046979865771812,0.1914285714285715,0.16727272727272702,0.09817671809256656,0.2785547785547786,0.09503546099290783
2023-10-19T11:00:00.000000000-04,0.043005437469105345,0.05679862306368344,0.06244725738396628,0.07055630936227963,0.08212560386473422,0.07511737089201875,0.05958363244795417,-0.04095563139931746,-0.10437710437710424,-0.07713498622589543,-0.08423326133909281,-0.07809847198641784,-0.0779392338177014,-0.07597535934291588,-0.07613741875580315,-0.0780254777070063,-0.0760197775030903,-0.050761421319796995,-0.05090909090909079,-0.04857512953367871
2023-10-19T12:00:00.000000000-04,0.041232227488151585,0.06455142231947475,0.0626486915146709,0.07351077313054488,0.08803611738149009,0.07391304347826089,0.052989130434782705,-0.04880212954747121,-0.14126394052044633,-0.09009009009009006,-0.09198113207547187,-0.10018214936247716,-0.08595988538681953,-0.07924107142857151,-0.08140703517587933,-0.08017241379310347,-0.0755347593582888,-0.06283422459893051,-0.07109004739336489,-0.058543226684819705
2023-10-19T13:00:00.000000000-04,-0.06848072562358287,-0.09603658536585369,-0.10119047619047628,-0.11806375442739059,-0.16122448979591852,-0.17670682730923704,-0.08676092544987135,0.07714016933207901,0.21491228070175428,0.14521452145214497,0.14621409921671025,0.1448979591836732,0.12558869701726838,0.1253041362530416,0.11584699453551939,0.12064090480678624,0.11661807580174921,0.0942857142857143,0.08997955010224934,0.08092485549132955
2023-10-19T14:00:00.000000000-04,-0.07609756097560982,-0.11016949152542366,-0.12593828190158463,-0.14035087719298245,-0.14180929095354522,-0.13793103448275867,-0.09618104667609617,0.14086956521739147,0.36200716845878134,0.2578796561604586,0.25396825396825373,0.24424778761061927,0.23928077455048413,0.22365591397849438,0.21963070942662788,0.2127303182579563,0.18911917098445574,0.17295188556566976,0.16744621141253524,0.15215946843853811
2023-10-19T15:00:00.000000000-04,-0.012664907651714907,-0.0375079465988557,-0.04293893129770998,-0.05007824726134591,-0.06857142857142862,-0.07471264367816088,-0.019577133907595967,0.024464831804281273,0.005249343832021136,0.0045351473922901064,0.0108108108108107,0.011363636363636243,0.011160714285713969,0.02015775635407535,0.014331210191082855,0.020000000000000018,0.018448182311448624,0.019911504424778625,0.017585931254995968,0.01956271576524715
2023-10-19T16:00:00.000000000-04,-0.01873661670235549,-0.02572559366754623,-0.025922233300099906,-0.026490066225165254,-0.03353658536585358,-0.037267080745341685,-0.024038461538461564,0.04256908140403293,0.109375,0.08539325842696632,0.08348134991118994,0.08251748251748259,0.07557502738225641,0.07487091222030973,0.06780982073265784,0.06549628629304549,0.05617382087970335,0.054054054054053946,0.05168363351605332,0.04676056338028167
2023-10-20T09:00:00.000000000-04,-0.04958677685950408,-0.06968641114982588,-0.08732694355697557,-0.10990990990991001,-0.14141414141414144,-0.1597222222222222,-0.06481481481481477,0.018422991893883633,0.023622047244094446,0.015624999999999778,0.008695652173913215,0.026279391424619547,0.030237580993520252,0.041880341880341954,0.03215926493108734,0.03588039867109627,0.03430353430353428,0.016077170418006492,0.01933488012374318,0.025000000000000133
2023-10-20T10:00:00.000000000-04,-0.10116279069767453,-0.14800901577761083,-0.17488262910798125,-0.2068965517241379,-0.22924901185770763,-0.23140495867768596,-0.13303167420814488,0.11560693641618514,0.330788804071247,0.24507658643326025,0.22905982905982913,0.22281879194630871,0.20668058455114813,0.196574225122349,0.1924500370096225,0.18176020408163285,0.1668336673346693,0.1470588235294119,0.14123867069486407,0.1305990286022667
2023-10-20T11:00:00.000000000-04,0.012936610608020649,0.024713150926743088,0.019830028328611915,0.025575447570332477,0.02051282051282044,0.0,0.016718913270637348,-0.07119741100323607,-0.16826003824091795,-0.12302284710017564,-0.11682892906815023,-0.11050328227571138,-0.09930915371329885,-0.09442934782608692,-0.08787128712871262,-0.08086253369272234,-0.06903945111492282,-0.08775137111517373,-0.07493368700265246,-0.0677804295942721
2023-10-20T12:00:00.000000000-04,0.03437301082113309,0.05227077977720662,0.0664819944598336,0.07444168734491341,0.08955223880597041,0.10752688172043023,0.0491299897645856,-0.03628750872295894,-0.07852193995381063,-0.05835010060362189,-0.05845181674565547,-0.061500615006150006,-0.057859209257473565,-0.05860255447032314,-0.058503401360544216,-0.05702527924750145,-0.050878815911193365,-0.04709418837675361,-0.04454022988505746,-0.04205128205128206
2023-10-20T13:00:00.000000000-04,-0.0073710073710073765,-0.010577705451586539,-0.010389610389610393,-0.009237875288683584,0.0,0.01941747572815533,-0.0077821011673153695,-0.005083514887436524,-0.020050125313283207,-0.008528784648187404,-0.003361344537815225,-0.007863695937090354,-0.0010266940451745254,-0.0023923444976076125,-0.0014450867052022698,-0.0018703241895262623,0.0004875670404680399,-0.0031578947368420263,-0.0022556390977443996,0.0
2023-10-20T14:00:00.000000000-04,-0.06555349412492284,-0.10682004930156108,-0.12467191601049865,-0.14385150812064962,-0.14611872146118732,-0.1333333333333333,-0.08716944172380026,0.06642335766423368,0.15345268542199486,0.10752688172043001,0.10829103214890012,0.10686015831134577,0.10277492291880774,0.09912070343725032,0.09840810419681612,0.0980637101811368,0.0920603994154896,0.07928118393234662,0.07616892911010553,0.07453083109919567
2023-10-20T15:00:00.000000000-04,-0.04584717607973432,-0.08915441176470573,-0.09323308270676711,-0.09973045822102433,-0.09729729729729741,-0.10989010989010983,-0.061555075593952346,0.049213943950786154,0.12472160356347439,0.08932038834951439,0.08828006088280071,0.09330143540669877,0.09116279069767441,0.09606986899563297,0.09354413702239794,0.08621667612024941,0.08619919606967397,0.056640625,0.060839160839160744,0.06349999999999989
2023-10-20T16:00:00.000000000-04,-1.1102230246251565e-16,-0.003045685279187915,0.005008347245408995,0.006024096385542244,0.0059880239520957446,0.0,0.002317497103128563,0.018134715025906578,0.044921875,0.03374777975133214,0.03486750348675027,0.03155603917301408,0.027118644067796627,0.025182239893969394,0.023423423423423406,0.02180685358255463,0.019623875715453654,0.02859778597785967,0.01967213114754096,0.02014995313964385
2023-10-23T09:00:00.000000000-04,0.03935185185185164,0.07038834951456319,0.07422680412371152,0.07722007722007729,0.0692307692307692,0.11290322580645151,0.0557029177718833,-0.05331680099194047,-0.11873840445269024,-0.10750853242320801,-0.10198675496688747,-0.09072164948453598,-0.08099438652766622,-0.07365792759051182,-0.0696095076400679,-0.0625,-0.057854406130268266,-0.06899563318777291,-0.06047381546134656,-0.04136690647482022
2023-10-23T10:00:00.000000000-04,0.022288261515601926,0.0420454545454545,0.05374280230326289,0.057347670250896154,0.07194244604316546,0.05797101449275366,0.035264483627204024,-0.0490837696335078,-0.11368421052631583,-0.08413001912045892,-0.07952871870397649,-0.07369614512471656,-0.06794425087108025,-0.0620364126770061,-0.0613608748481167,-0.05120167189132707,-0.0487804878048782,-0.06273408239700373,-0.05437665782493373,-0.04686035613870665
2023-10-23T11:00:00.000000000-04,0.03918722786647311,0.071817192600653,0.07285974499089254,0.06375838926174504,0.05369127516778538,0.027397260273972712,0.051094890510949176,-0.08011049723756902,-0.19761904761904747,-0.15271966527196645,-0.14446227929374,-0.13390663390663404,-0.12664165103189495,-0.11582733812949653,-0.11139896373057012,-0.10520487264673306,-0.09413778348309798,-0.10589410589410597,-0.09078114004222382,-0.08321024126046284
2023-10-23T12:00:00.000000000-04,0.06354748603351945,0.12703252032520318,0.1443123938879456,0.17034700315457418,0.16560509554140124,0.10666666666666669,0.08912037037037024,-0.06606606606606602,-0.1543026706231455,-0.10864197530864184,-0.10881801125703561,-0.11063829787234047,-0.09881847475832439,-0.09926769731489005,-0.09620991253644307,-0.08674101610904583,-0.08652482269503536,-0.07709497206703908,-0.07739938080495357,-0.0719656283566058
2023-10-23T13:00:00.000000000-04,-0.0744125326370757,-0.1073038773669972,-0.12998522895125542,-0.1586021505376345,-0.17486338797814205,-0.18823529411764706,-0.10210526315789481,0.055600322320709106,0.16666666666666674,0.10893854748603338,0.11040339702760105,0.11235955056179758,0.10589651022864,0.09683257918552046,0.0955465587044535,0.09389993145990405,0.08740894901144647,0.07308160779537154,0.06986531986532007,0.06376811594202914
2023-10-23T14:00:00.000000000-04,-0.0028288543140028155,-0.0020387359836901986,-0.0034305317324184736,-0.012861736334405127,-0.01342281879194629,-0.02898550724637672,-0.00704225352112664,0.011398176291793183,0.024169184290030232,0.01995012468827939,0.022770398481973597,0.024425287356321768,0.02275189599133265,0.013093289689034338,0.012463343108504388,0.019375000000000142,0.011417697431018059,0.018120045300113352,0.012519561815336422,0.009750812567713929
2023-10-23T15:00:00.000000000-04,-0.08769448373408784,-0.15478615071283086,-0.16981132075471705,-0.1909385113268608,-0.217687074829932,-0.20895522388059706,-0.11910377358490565,0.10097965335342884,0.2835820895522392,0.20147420147420148,0.19813084112149548,0.18953323903818942,0.17289220917822834,0.1695052716950527,0.16654545454545455,0.1533251231527093,0.14765735920492173,0.1272321428571428,0.12490302560124111,0.1172673480365789
2023-10-23T16:00:00.000000000-04,0.03341103341103335,0.042857142857142705,0.045174537987679564,0.05668016194332015,0.0431034482758621,0.037735849056603765,0.04447439353099725,-0.02878684030157641,-0.08584686774942007,-0.06896551724137934,-0.05937500000000007,-0.05693950177935936,-0.061994609164420234,-0.04659248956884554,-0.045682102628285426,-0.052436440677966156,-0.04207920792079223,-0.045186640471512884,-0.042553191489361764,-0.039328537170263855
2023-10-24T09:00:00.000000000-04,0.05304659498207909,0.0957446808510638,0.11531531531531503,0.13651877133105805,0.16428571428571437,0.11940298507462699,0.07971014492753636,-0.0477634571645188,-0.13694267515923564,-0.08461538461538454,-0.09073359073359066,-0.08284883720930236,-0.0786026200873361,-0.07553366174055831,-0.07347538574577517,-0.07320099255583101,-0.0641812175554507,-0.05668934240362811,-0.05407523510971779,-0.05447680690399126
2023-10-24T10:00:00.000000000-04,0.017687074829932037,0.023210831721470093,0.027331189710610992,0.035820895522387985,0.030487804878048586,0.053333333333333455,0.026875699888017968,-0.029968454258675004,-0.05904059040590415,-0.03943661971830981,-0.03609341825902357,-0.03333333333333344,-0.03210463733650415,-0.02852049910873422,-0.02859412231930103,-0.028131279303415968,-0.028254288597376553,-0.02406738868832725,-0.020746887966805017,-0.017142857142857237
2023-10-24T11:00:00.000000000-04,-0.048096192384769476,-0.07271010387157695,-0.08906250000000004,-0.10374639769452432,-0.1286549707602339,-0.12658227848101278,-0.065359477124183,0.03664495114006505,0.11764705882352944,0.058651026392961825,0.06622516556291402,0.0640394088669951,0.06511056511056501,0.06336088154269959,0.06459525756336859,0.06288873531444361,0.06139438085327775,0.04192355117139335,0.041560644614079933,0.04363001745200723
2023-10-24T12:00:00.000000000-04,-0.08485273492286116,-0.1374745417515274,-0.15924657534246567,-0.1747572815533981,-0.17449664429530198,-0.17391304347826075,-0.11511627906976751,0.09105180533751955,0.2685512367491165,0.18282548476454274,0.18295218295218274,0.17674418604651154,0.16340621403912547,0.15903197925669832,0.1539645881447267,0.14443005181347157,0.13569321533923318,0.11729857819905187,0.10966693744922829,0.10682326621923943
2023-10-24T13:00:00.000000000-04,0.04064417177914126,0.059171597633136175,0.06109979633401208,0.07058823529411784,0.04878048780487809,0.070175438596491,0.05270092226613965,-0.04597701149425282,-0.12188365650969535,-0.08899297423887587,-0.08435852372583474,-0.08168642951251637,-0.07699901283316879,-0.07148175725986594,-0.06733333333333336,-0.06610169491525408,-0.05841627001298144,-0.060381355932203395,-0.05344070278184487,-0.04894046417759834
2023-10-24T14:00:00.000000000-04,0.06051660516605173,0.10279329608938559,0.12092130518234168,0.13284132841328433,0.13953488372093026,0.09836065573770503,0.08270676691729317,-0.06831831831831836,-0.17554858934169293,-0.11764705882352944,-0.11854684512428315,-0.11412268188302421,-0.10862619808306706,-0.10151878497202238,-0.09785714285714298,-0.09687123947051757,-0.08711600183402113,-0.0842696629213483,-0.07644787644787632,-0.06991525423728817
2023-10-24T15:00:00.000000000-04,-0.010431154381084773,-0.007085020242915019,-0.01538461538461533,-0.02931596091205224,-0.03424657534246578,-0.02985074626865669,-0.019675925925926152,-0.018533440773569776,-0.03053435114503822,-0.014534883720930258,-0.015184381778741929,-0.012861736334405127,-0.010778443113772407,-0.009821428571428537,-0.010292953285827355,-0.010659560293137749,0.010542168674698926,-0.0233128834355828,-0.018410041841004143,-0.01654306902452929
2023-10-24T16:00:00.000000000-04,0.011954992967651235,0.019407558733401498,0.033450704225352235,0.037288135593220195,0.028368794326241176,0.015625,0.0225653206650831,-0.019623875715453765,-0.059288537549407216,-0.029585798816568087,-0.0415754923413566,-0.037520391517128826,-0.02916160388821387,-0.03667262969588547,-0.03039999999999987,-0.032797858099063104,-0.028254288597376553,-0.023749999999999938,-0.022939677145284554,-0.022452504317789113
2023-10-25T09:00:00.000000000-04,-0.0810385523210072,-0.12776412776412782,-0.14410480349344978,-0.15217391304347816,-0.1333333333333333,-0.10638297872340419,-0.10743801652892548,0.07855459544383336,0.2999999999999998,0.1713483146067416,0.158004158004158,0.16158536585365857,0.15246636771300448,0.14498757249378635,0.1407624633431086,0.13209876543209886,0.11490539916935849,0.10308056872037907,0.0986367281475542,0.08686210640608016
2023-10-25T10:00:00.000000000-04,0.004269854824935804,-0.011173184357541888,-0.010126582278481067,-0.03015075376884424,-0.04255319148936165,-0.023255813953488413,0.02021772939346822,-0.0007256894049347817,-0.019718309859154903,0.02195121951219514,0.0053475935828875,0.01196808510638303,-0.0019436345966957758,-0.005772005772005651,-0.016549968173138252,-0.020331728196896548,-0.01708706265256299,-0.0010695187165775666,-0.0007278020378457262,-0.0024752475247524774
2023-10-25T11:00:00.000000000-04,-0.017021276595744594,-0.03257790368271951,-0.04603580562659837,-0.062176165803108696,-0.07777777777777783,-0.07142857142857151,-0.0320121951219513,0.03994190268700071,0.11206896551724133,0.0811455847255369,0.07624113475177308,0.06955380577427817,0.06420233463035019,0.05732946298984021,0.05235940530058203,0.05016357688113393,0.039735099337748325,0.051391862955032064,0.0458849235251273,0.03912828132738988
2023-10-25T12:00:00.000000000-04,-0.02604166666666674,-0.06011730205278598,-0.06970509383378032,-0.07734806629834257,-0.07228915662650592,-0.05128205128205132,-0.033227848101266,0.05226480836236913,0.10796915167095134,0.08791208791208804,0.08388157894736836,0.08058608058608052,0.07967032967032961,0.06639288158795353,0.07063882063882065,0.06120331950207469,0.05359269551409285,0.0640243902439026,0.05906879777623342,0.05288232491662703
2023-10-25T13:00:00.000000000-04,-0.03300624442462097,-0.07824726134585291,-0.09798270893371752,-0.10778443113772451,-0.1298701298701298,-0.108108108108108,-0.049261083743842304,0.04497354497354489,0.1200923787528867,0.08450704225352101,0.07843137254901977,0.072316384180791,0.0661577608142494,0.0588235294117645,0.05733944954128445,0.053144807411019235,0.04922961292747097,0.056190476190476124,0.051701570680628306,0.04516711833785014
2023-10-25T14:00:00.000000000-04,-0.009225092250922606,-0.03204047217537931,-0.04444444444444462,-0.06711409395973156,-0.059701492537313494,-0.1212121212121211,-0.024054982817869552,-0.0037974683544304,-0.018711018711018657,-0.029684601113172615,-0.016877637130801593,-0.015789473684210575,-0.011914217633042012,-0.0024271844660194164,-0.00650054171180936,-0.0023126734505087843,0.0,-0.002714932126696934,-0.00435594275046669,-0.003454231433506094
2023-10-25T15:00:00.000000000-04,-0.021355617455896092,-0.01041666666666674,-0.019933554817275656,-0.028776978417266008,-0.031746031746031744,0.0,-0.024561403508771673,-0.009541984732824305,-0.019148936170212738,-0.007662835249042321,-0.010043041606886738,-0.006430868167202619,-0.005636070853462183,-0.0018292682926830395,0.0071038251366120075,-0.001394700139469851,-0.015113350125944613,-0.014545454545454528,-0.013775829680651164,-0.0065132435953103585
2023-10-25T16:00:00.000000000-04,0.019792648444863392,0.03677758318739044,0.057823129251700855,0.007246376811594235,0.0,0.0,0.03046594982078843,-0.018111254851228997,-0.037527593818984295,-0.03515625,-0.030701754385964897,-0.028322440087145906,-0.03559870550161803,-0.023471278567016585,-0.024309392265193464,-0.022535211267605604,0.0022156573116691725,-0.028703703703703787,-0.024777636594663255,-0.01800614844093107
2023-10-26T09:00:00.000000000-04,-0.03343782654127481,-0.0770833333333335,-0.06198347107438029,-0.0625,-0.03921568627450989,-0.03846153846153855,-0.050403225806451624,0.04567901234567873,0.14476190476190465,0.06491228070175459,0.088829071332436,0.08491508491508482,0.08189331329827221,0.07543959160521818,0.044783464566929165,0.05872118312309693,0.026973684210526372,0.05061082024432784,0.0596026490066226,0.05175983436852993
2023-10-26T10:00:00.000000000-04,0.0380848748639826,0.04454342984409787,0.06696428571428537,0.05714285714285716,-0.020000000000000018,-0.08000000000000007,0.05194805194805174,-0.049763033175355686,-0.1520661157024793,-0.11092985318107662,-0.10268948655256727,-0.08679593721144963,-0.08298755186721996,-0.07518401682439557,-0.09830041341295359,-0.04765817584223497,-0.03534704370179931,-0.0717230008244022,-0.06508205998868144,-0.05640423031727382
2023-10-26T11:00:00.000000000-04,-0.08184679958027297,-0.1468085106382978,-0.1625000000000001,-0.15454545454545465,-0.12244897959183676,-0.08695652173913027,-0.1030927835051546,0.0809968847352025,0.2421875,0.15356489945155394,0.15395095367847422,0.14908722109533468,0.1324303987960873,0.1205432937181663,0.12480896586856849,0.11173425366695433,0.0952698201199198,0.10390763765541733,0.0955259975816205,0.08803986710963452
2023-10-26T12:00:00.000000000-04,-0.1042382588774341,-0.19451371571072307,-0.19900497512437798,-0.19354838709677413,-0.18604651162790697,-0.09523809523809534,-0.1425287356321837,0.09902130109384011,0.2857142857142856,0.20472440944881898,0.19248826291079824,0.18149779735682814,0.16777188328912462,0.15140845070422548,0.14479638009049767,0.13439194422927958,0.11618004866180076,0.1282051282051282,0.11894273127753308,0.10670731707317072
2023-10-26T13:00:00.000000000-04,0.05269922879177402,0.09287925696594423,0.07453416149068315,0.053333333333333455,0.0,0.0,0.05630026809651456,-0.07824726134585291,-0.17582417582417575,-0.14360313315926887,-0.13004926108374382,-0.12062546537602381,-0.11343115124153491,-0.09563318777292562,-0.0936270653029112,-0.0771594400819392,-0.05747752655952054,-0.09523809523809523,-0.08684985279685964,-0.07610558793280764
2023-10-26T14:00:00.000000000-04,0.0939024390243901,0.15211267605633805,0.16000000000000014,0.17721518987341756,0.17142857142857149,0.10526315789473695,0.1269035532994922,-0.08451503119682369,-0.22172619047619047,-0.15926493108728934,-0.15209988649262196,-0.1444350042480883,-0.13465220165922154,-0.12300242130750605,-0.12223667100130042,-0.11357750647428788,-0.09305717619603271,-0.10832025117739408,-0.09849300322927868,-0.08695652173913038
2023-10-26T15:00:00.000000000-04,-0.14794215795328147,-0.24694376528117357,-0.2660098522167489,-0.27956989247311814,-0.24390243902439035,-0.2857142857142857,-0.19506726457399126,0.1212121212121211,0.38857142857142857,0.2540834845735027,0.2620967741935485,0.23267326732673266,0.2223858615611194,0.19779614325068895,0.15312653865091086,0.1805265357292103,0.1443764099258784,0.1693121693121693,0.15256257449344446,0.14076484947111467
2023-10-26T16:00:00.000000000-04,0.029870129870129825,0.05177993527508096,0.05369127516778538,0.05970149253731338,0.0,0.0,0.035911602209944826,-0.04242424242424225,-0.12087912087912078,-0.08563134978229314,-0.07675675675675686,-0.07766212970376307,-0.07039711191335751,-0.023832221163012535,-0.08750994431185377,-0.05486725663716818,-0.002904443799012557,-0.050911854103343424,-0.05110996386164146,-0.0442067736185382
2023-10-27T09:00:00.000000000-04,-0.07261146496815285,-0.120253164556962,-0.12,-0.14925373134328357,-0.12903225806451601,0.0,-0.10723860589812328,0.03588807785888104,0.12522686025408336,0.06272401433691743,0.07170795306388511,0.07047619047619058,0.06862745098039214,0.0630208333333333,0.05855018587360594,0.05407523510971779,0.030890369473046464,0.03324808184143224,0.04508670520231206,0.047712933753943254
2023-10-27T10:00:00.000000000-04,0.008174386920980936,0.018115942028985366,0.007575757575757569,-2.220446049250313e-16,0.03846153846153855,-0.2777777777777777,0.00887573964497057,-0.03294797687861273,-0.08095238095238089,-0.03378378378378366,-0.027127003699136676,-0.036541889483065804,-0.0334645669291338,0.0005037783375314575,-0.02195871761089141,-0.05785714285714272,-0.0020479812755997973,-0.031147540983606503,-0.029136888400219996,-0.05563583815028894
2023-10-27T11:00:00.000000000-04,-0.006711409395973145,0.0035460992907803135,-0.007462686567164201,0.0,0.0,0.15384615384615397,-0.0058651026392962935,0.005392450569203344,0.013864818024263537,0.007029876977153071,0.012771392081736943,0.0064814814814815325,0.012278308321964415,0.009090909090909038,0.013519603424966498,0.011415525114155223,0.012331180270111597,0.007620660457239747,0.007373794668179112,0.004206500956022818
2023-10-27T12:00:00.000000000-04,-0.0677506775067751,-0.12811387900355853,-0.13533834586466176,-0.13559322033898302,-0.07407407407407418,-0.13333333333333341,-0.08259587020648951,0.08219178082191791,0.2547008547008547,0.17944250871080136,0.16771752837326614,0.153351698806244,0.13679245283018848,0.11794102948525764,0.11428571428571432,0.10538286580742984,0.08722287047841282,0.11111111111111116,0.09612141652613837,0.08447488584474883
2023-10-27T13:00:00.000000000-04,-0.033478893740902405,-0.0897959183673468,-0.06956521739130417,-0.03921568627450989,0.0,0.0,-0.03858520900321549,0.08076923076923093,0.20355191256830607,0.15463917525773185,0.14239482200647258,0.12828685258964145,0.1087470449172574,0.09094962104324567,0.08810572687224671,0.08710562414266132,0.06723814626305935,0.1070615034168565,0.08704557091653853,0.07282913165266103
2023-10-27T14:00:00.000000000-04,-0.04668674698795183,-0.1165919282511213,-0.13084112149532723,-0.12244897959183676,-0.08000000000000007,0.0,-0.07357859531772593,0.025954198473282508,0.08863636363636362,0.056050955414012726,0.056872037914691864,0.055869872701555856,0.047517351841964706,0.052394596807204374,0.05334805003679177,0.04384858044164042,0.03434444722988239,0.03500343170899112,0.033946251768033786,0.03494448073154799
2023-10-27T15:00:00.000000000-04,0.08874801901743257,0.09137055837563479,0.043010752688172005,-0.046511627906976605,-0.17391304347826075,-0.15384615384615385,0.09352517985611519,-0.04504950495049509,-0.1544885177453028,-0.09495192307692324,-0.09318996415770597,-0.08350168350168363,-0.08312214901165738,-0.10887253002712138,-0.0709269662921348,-0.06196840826245453,-0.05715669653669164,-0.05792276964047938,-0.054214123006833925,-0.04207529262891485
2023-10-27T16:00:00.000000000-04,-0.004354136429608135,-0.013953488372093092,-0.020618556701030966,0.0,0.0,0.0,-0.009868421052631637,0.0,0.019656019656019597,-0.001322751322751392,0.005911330049261254,-0.002188183807439903,0.0033057851239670644,0.001689902830587231,0.003772161448510003,0.012757605495584023,0.0022970903522205877,-0.0014074595355383357,0.0009615384615384581,-0.013725490196078494
2023-10-30T09:00:00.000000000-04,0.0811170212765957,0.15000000000000013,0.13675213675213693,0.12244897959183687,0.045454545454545414,0.08333333333333326,0.09275362318840563,-0.05006031363088048,-0.16023166023166024,-0.09981515711645106,-0.10892388451443558,-0.09560229445506696,-0.09248956884561876,-0.09095528455284552,-0.10192221725525252,-0.07662687716596062,-0.07567726737338043,-0.06816220880069013,-0.06414662084765188,-0.060245587106676934
2023-10-30T10:00:00.000000000-04,-0.10171568627450978,-0.19269102990033227,-0.19259259259259254,-0.14545454545454561,-0.08695652173913027,-0.15384615384615385,-0.12698412698412698,0.08482142857142838,0.287703016241299,0.1697722567287785,0.16592592592592603,0.1606382978723404,0.15118956254796623,0.14430095451993252,0.14300050175614665,0.12505227938101204,0.1112176414189836,0.11617100371747213,0.10374462860650713,0.09770114942528751
2023-10-30T11:00:00.000000000-04,0.046132971506105847,0.09795918367346945,0.11009174311926584,0.042553191489361764,0.0,0.0,0.0725075528700907,-0.042966450853443416,-0.15245009074410165,-0.09269162210338677,-0.09021601016518421,-0.08095676172953092,-0.0731543624161074,-0.06729341909945563,-0.06804214223002636,-0.06059479553903324,-0.05263157894736836,-0.05685618729096986,-0.050167224080267636,-0.04324934185784124
2023-10-30T12:00:00.000000000-04,-0.04669260700389111,-0.08921933085501865,-0.09917355371900816,-0.08163265306122447,-0.09523809523809534,0.0,-0.06760563380281692,0.02950215119852495,0.09808102345415803,0.05870841487279854,0.05988857938718661,0.05794205794205798,0.05716353111432704,0.056144067796610075,0.05037664783427487,0.044699367088607556,0.035336756266988845,0.039787798408488007,0.0375146541617819,0.03616352201257844
2023-10-30T13:00:00.000000000-04,0.1521739130434785,0.3265306122448979,0.3853211009174311,0.3999999999999999,0.3157894736842106,0.0,0.21385542168674676,-0.09569377990430605,-0.31456310679611654,-0.2033271719038816,-0.19342105263157894,-0.18199052132701432,-0.16952642415923136,-0.15895372233400418,-0.14991023339317788,-0.13896251419916694,-0.12153082091732403,-0.12691652470187398,-0.11814584511023163,-0.1063829787234043
2023-10-30T14:00:00.000000000-04,0.0,0.0,-0.013245033112582738,0.0,0.0,0.18181818181818188,-0.012345679012345623,-0.007279947054930513,-0.04532577903682722,-0.006960556844547772,-0.009819967266775698,-0.0139049826187716,-0.016542597187758412,-0.011983223487118,-0.014285714285714124,-0.010114335971855737,-0.0016677785190125638,-0.009765625,-0.009627727856225898,-0.01106382978723397
2023-10-30T15:00:00.000000000-04,-0.027027027027027084,-0.05487804878048774,-0.07947019867549676,-0.08064516129032251,0.0,0.0,-0.03491271820448871,0.014676450967311627,-0.014880952380952439,0.021126760563380254,0.018333333333333313,0.018845700824499545,0.021848739495798464,0.02256097560975645,0.014626218851570894,0.01426024955436711,0.01008742434431742,0.008875739644970349,0.018300653594771177,0.014642549526270532
2023-10-30T16:00:00.000000000-04,0.007263922518159882,-0.012779552715655007,0.0,-0.03389830508474556,-0.08000000000000007,-0.15384615384615385,-0.005154639175257714,-0.009180327868852478,-0.02670623145400597,0.004662004662004726,-0.01292407108239102,-0.0034762456546928444,-0.0024855012427507095,-0.01130952380952388,-0.0031562335612834724,0.020767494356659144,-0.006939854593522865,-0.0009784735812130574,-0.008290816326530503,-0.0034042553191488967
2023-10-31T09:00:00.000000000-04,-0.08633093525179858,-0.16242038216560517,-0.15441176470588236,-0.17543859649122817,0.11764705882352944,0.0,-0.1253196930946292,0.049518569463548934,0.2555555555555553,0.11488250652741505,0.11413043478260887,0.10957178841309823,0.10638297872340408,0.07906388361796357,0.09682804674457435,0.09120221096268977,0.08384879725085903,0.06378600823045288,0.06300268096514738,0.06841403820524206
2023-10-31T10:00:00.000000000-04,0.08377659574468077,0.17898832684824906,0.18421052631578938,0.17021276595744705,0.21052631578947367,0.0,0.11869436201780403,-0.07792207792207795,-0.24927536231884062,-0.16091954022988486,-0.15384615384615397,-0.1465324384787473,-0.1298495645288995,-0.11875000000000013,-0.10248604769152725,-0.105020920502092,-0.10526315789473684,-0.10354745925215725,-0.09443402126328948,-0.08127062706270638
2023-10-31T11:00:00.000000000-04,-0.012210012210012389,-0.02588996763754048,-0.028776978417266008,0.0,0.0,0.0,-0.023684210526315752,-0.011315417256011373,-0.031620553359683834,-0.024861878453038666,-0.015296367112810683,-0.01844532279314881,-0.015653775322283625,-0.009791122715404721,-0.011396011396011319,-0.009385265133740162,-0.005255781359495448,-0.013963480128893702,-0.008310249307479256,-0.008152173913043459
2023-10-31T12:00:00.000000000-04,-0.002466091245376001,0.0066006600660064585,0.0,0.0,-0.08695652173913027,0.0,-0.005390835579514697,-0.025751072961373356,-0.09053497942386823,-0.05099150141643072,-0.05048543689320384,-0.041554959785522816,-0.03554724041159951,-0.0316413974950559,-0.025996533795494048,-0.030820293978188862,-0.020112914608327426,-0.0359085963003265,-0.030154277699859677,-0.024223034734917603
2023-10-31T13:00:00.000000000-04,0.04944375772558729,0.11147540983606552,0.11851851851851847,0.07272727272727253,0.09523809523809512,0.0,0.06504065040650397,-0.055882352941176494,-0.23529411764705888,-0.12537313432835817,-0.11860940695296529,-0.10659186535764376,-0.09990300678952468,-0.09053778080326769,-0.0861556743909685,-0.07541625857002954,-0.06432959884351286,-0.07457627118644072,-0.06869125090383232,-0.06044985941893166
2023-10-31T14:00:00.000000000-04,-0.014134275618374437,-0.0058651026392962935,-0.013245033112582738,0.0,-0.08695652173913027,0.0,-0.020408163265306145,-0.024105754276827263,-0.13173652694610782,-0.05460750853242324,-0.05773672055427248,-0.045741324921135695,-0.041081081081080995,-0.036009002250562694,-0.03190104166666652,-0.031283138918345665,-0.022411128284389514,-0.03166869671132777,-0.027993779160186527,-0.02447552447552437
2023-10-31T15:00:00.000000000-04,-0.004773269689737347,0.014705882352941346,0.01342281879194629,-0.03389830508474556,0.0,0.0,-0.01041666666666663,-0.0023923444976076125,-0.01379310344827589,0.0072202166064982976,0.0171568627450982,0.0033112582781458233,-0.004514672686230181,-0.00311284046692617,-0.008754208754208848,-0.0010946907498631253,-0.0031746031746032743,-0.0012578616352202365,-0.005604483586869491,-0.006150691952844567
2023-10-31T16:00:00.000000000-04,-0.025362318840579823,-0.05830903790087438,-0.06711409395973156,-0.07017543859649134,-0.09523809523809534,-0.18181818181818188,-0.044619422572178324,0.02232854864433831,0.09395973154362403,0.04946996466431086,0.04523809523809552,0.04707792207792205,0.0479910714285714,0.05046583850931685,0.05036937541974473,0.04961832061068705,0.03803486529318545,0.028894472361808976,0.02711323763955331,0.029743589743589594
2023-11-01T09:00:00.000000000-04,0.010368663594469973,0.03794037940379402,0.0239520958083832,0.06153846153846132,0.08000000000000007,0.18181818181818166,0.04030226700251882,-0.013745704467354014,0.01041666666666674,0.004385964912280604,-0.025423728813559254,-0.024482109227872084,-0.023989898989898895,-0.015557476231633505,-0.022172949002217335,-0.02670623145400608,-0.008894536213468918,-0.016783216783216925,-0.016622922134733153,-0.039614561027837225
2023-11-01T10:00:00.000000000-04,0.10227272727272707,0.21818181818181825,0.2356321839080462,0.2898550724637683,0.2068965517241379,0.06249999999999978,0.13507109004739326,-0.04906333630686888,-0.3402061855670103,-0.16593886462882101,-0.17391304347826098,-0.16374269005847952,-0.15864759427828334,-0.1412078152753108,-0.1053048297703878,-0.0975918884664132,-0.0889584264640142,-0.08080808080808077,-0.07299270072992703,-0.08897593732512576
2023-11-01T11:00:00.000000000-04,-0.03412616339193386,-0.0682302771855009,-0.08294930875576034,-0.09195402298850575,-0.11428571428571421,-0.11764705882352922,-0.05219206680584565,0.02443609022556381,-0.031746031746031744,0.031746031746031855,0.02807017543859658,0.03248259860788849,0.04031007751937987,0.03937823834196874,0.040780141843971496,0.036542515811665455,0.038499506416584506,0.028257456828885363,0.028459273797841078,0.025184275184275018
2023-11-01T12:00:00.000000000-04,-0.03644158628081451,-0.10526315789473684,-0.1116751269035533,-0.12658227848101278,-0.0645161290322579,0.0,-0.05518763796909498,0.048534798534798584,0.2622950819672132,0.10152284263959399,0.10847457627118628,0.1078651685393257,0.10104011887072795,0.09136047666335645,0.08751062022090061,0.08243243243243237,0.07414448669201534,0.06838905775075976,0.06577693040991406,0.06347305389221547
2023-11-01T13:00:00.000000000-04,0.05450500556173532,0.0356234096692114,0.04519774011299438,0.05633802816901423,0.0,0.0,-0.004683840749414414,-0.017452006980802737,-0.10389610389610393,-0.05069124423963123,-0.03384615384615386,-0.03455284552845528,-0.03508771929824561,-0.035454545454545516,-0.031225604996096834,-0.01499063085571506,0.007522123893805244,-0.02560455192034139,-0.027703306523681914,-0.0191657271702369
2023-11-01T14:00:00.000000000-04,0.01793248945147652,0.10539215686274495,0.07407407407407418,0.025316455696202445,0.1923076923076923,-0.13333333333333341,0.10352941176470587,-0.07807017543859651,-0.42666666666666664,-0.15048543689320393,-0.1718749999999999,-0.1820040899795502,-0.13764044943820208,-0.1456221198156683,-0.13730158730158715,-0.14631122132672036,-0.09714026327734904,-0.10632183908045978,-0.08623853211009158,-0.09602272727272732
2023-11-01T15:00:00.000000000-04,0.07084188911704326,0.1381578947368418,0.14634146341463405,0.12345679012345667,0.06451612903225823,0.0,0.09704641350210941,-0.06106870229007644,-0.4651162790697675,-0.1271676300578034,-0.14448669201520914,-0.1478696741854637,-0.14238952536824867,-0.12445414847161573,-0.11567164179104461,-0.10955882352941182,-0.10931989924433261,-0.08562197092084001,-0.07979797979797987,-0.07372400756143682
2023-11-01T16:00:00.000000000-04,-0.00288184438040362,0.0,0.026200873362445254,0.022471910112359605,0.0,0.0,0.011695906432748426,-0.0010090817356207538,-0.21739130434782605,-0.0326797385620915,-0.01762114537444892,-0.008695652173913104,-0.0037735849056605986,-0.0012300123001227625,0.010504201680672454,0.008210180623973828,0.004449388209121441,0.0,0.006564551422319376,0.005416384563304177
